TEAM_ID,TEAM_NAME,GP,W,L,W_PCT,MIN,E_OFF_RATING,OFF_RATING,E_DEF_RATING,DEF_RATING,E_NET_RATING,NET_RATING,AST_PCT,AST_TO,AST_RATIO,OREB_PCT,DREB_PCT,REB_PCT,TM_TOV_PCT,EFG_PCT,TS_PCT,E_PACE,PACE,PACE_PER40,POSS,PIE,GP_RANK,W_RANK,L_RANK,W_PCT_RANK,MIN_RANK,OFF_RATING_RANK,DEF_RATING_RANK,NET_RATING_RANK,AST_PCT_RANK,AST_TO_RANK,AST_RATIO_RANK,OREB_PCT_RANK,DREB_PCT_RANK,REB_PCT_RANK,TM_TOV_PCT_RANK,EFG_PCT_RANK,TS_PCT_RANK,PACE_RANK,PIE_RANK
1610612737,Atlanta Hawks,82,33,49,0.402,3956.0,99.1,100.4,103.7,104.8,-4.6,-4.4,0.57,1.3,15.8,0.297,0.689,0.491,0.166,0.471,0.517,94.4,93.21,77.67,7678,0.465,1,22,22,22,20,24,22,24,25,27,27,22,9,21,25,18,16,7,24
1610612738,Boston Celtics,82,49,33,0.598,3966.0,101.1,102.1,98.0,99.9,3.1,2.2,0.604,1.55,16.4,0.272,0.695,0.481,0.144,0.476,0.52,95.0,93.6,78.0,7738,0.5,1,8,8,8,8,18,6,10,16,12,23,29,5,27,5,15,14,5,16
1610612766,Charlotte Hornets,82,44,38,0.537,3951.0,101.4,102.9,100.0,101.8,1.4,1.2,0.608,1.53,16.7,0.333,0.689,0.511,0.154,0.466,0.513,92.5,90.93,75.77,7480,0.513,1,11,11,11,24,14,10,13,14,13,19,9,8,7,10,20,19,21,12
1610612741,Chicago Bulls,82,21,61,0.256,3961.0,95.5,97.2,104.8,106.2,-9.3,-9.1,0.646,1.45,17.3,0.298,0.685,0.487,0.166,0.456,0.499,93.0,91.56,76.3,7549,0.436,1,28,28,28,15,28,25,29,3,20,11,21,12,24,24,26,28,14,29
1610612739,Cleveland Cavaliers,82,29,53,0.354,3971.0,101.7,103.4,105.0,107.0,-3.3,-3.6,0.641,1.58,17.8,0.319,0.69,0.505,0.158,0.477,0.524,93.0,91.31,76.09,7553,0.482,1,24,24,24,6,12,28,22,5,11,6,15,7,9,16,11,13,18,22
1610612742,Dallas Mavericks,82,57,25,0.695,3976.0,109.5,110.3,104.8,106.0,4.7,4.3,0.566,1.83,16.9,0.285,0.683,0.487,0.127,0.507,0.553,95.3,94.36,78.63,7823,0.517,1,4,4,4,5,1,24,4,27,1,16,27,18,25,1,2,1,4,11
1610612743,Denver Nuggets,82,27,55,0.329,3961.0,97.8,100.3,104.9,106.6,-7.1,-6.3,0.623,1.51,17.0,0.341,0.668,0.497,0.16,0.455,0.495,93.3,91.35,76.12,7537,0.442,1,26,26,26,15,26,26,27,9,17,14,8,26,19,20,27,29,17,28
1610612765,Detroit Pistons,82,50,32,0.61,3936.0,102.5,103.2,99.3,100.9,3.3,2.3,0.62,1.48,17.3,0.277,0.676,0.481,0.159,0.497,0.54,92.4,91.38,76.15,7495,0.523,1,6,6,6,29,13,8,9,10,18,12,28,20,28,18,6,4,16,7
1610612744,Golden State Warriors,82,21,61,0.256,3956.0,99.3,101.5,105.6,107.1,-6.3,-5.6,0.569,1.24,15.3,0.373,0.669,0.516,0.175,0.452,0.499,97.5,95.75,79.79,7890,0.456,1,28,28,28,20,21,29,26,26,29,28,1,25,5,27,29,27,2,26
1610612745,Houston Rockets,82,28,54,0.341,3996.0,99.7,101.6,105.9,106.9,-6.1,-5.4,0.522,1.28,14.6,0.327,0.675,0.497,0.155,0.465,0.507,90.8,89.56,74.63,7456,0.458,1,25,25,25,1,20,27,25,29,28,29,12,21,18,12,21,22,28,25
1610612754,Indiana Pacers,82,42,40,0.512,3981.0,101.2,102.8,101.1,102.4,0.1,0.4,0.642,1.51,17.6,0.302,0.686,0.499,0.162,0.477,0.527,94.5,93.13,77.61,7721,0.51,1,15,15,15,3,16,11,15,4,16,9,19,11,16,22,12,12,9,13
1610612746,Los Angeles Clippers,82,39,43,0.476,3961.0,102.0,104.3,103.2,104.7,-1.2,-0.4,0.577,1.41,16.3,0.349,0.673,0.512,0.161,0.476,0.519,92.9,91.21,76.01,7524,0.495,1,18,18,18,15,10,21,17,24,22,24,3,22,6,21,13,15,19,19
1610612747,Los Angeles Lakers,82,58,24,0.707,3956.0,106.5,108.0,98.7,100.4,7.8,7.6,0.597,1.81,17.5,0.311,0.686,0.501,0.135,0.498,0.534,94.8,93.32,77.77,7691,0.549,1,2,2,2,20,2,7,2,18,3,10,16,10,15,2,4,7,6,3
1610612763,Memphis Grizzlies,82,23,59,0.28,3956.0,95.4,96.6,103.8,104.7,-8.4,-8.0,0.626,1.33,16.9,0.305,0.663,0.483,0.176,0.462,0.501,93.5,92.55,77.12,7629,0.456,1,27,27,27,20,29,20,28,8,25,17,18,28,26,28,25,26,11,27
1610612748,Miami Heat,82,36,46,0.439,3986.0,96.0,97.3,97.6,99.0,-1.6,-1.7,0.594,1.37,16.5,0.297,0.71,0.505,0.166,0.463,0.501,89.7,88.47,73.72,7346,0.501,1,20,20,20,2,27,4,21,19,24,22,23,1,8,23,23,24,29,15
1610612749,Milwaukee Bucks,82,41,41,0.5,3981.0,104.2,105.3,103.9,105.6,0.4,-0.3,0.607,1.6,17.7,0.287,0.679,0.491,0.152,0.507,0.544,92.8,91.51,76.26,7591,0.502,1,17,17,17,3,9,23,16,15,10,7,26,19,20,9,1,2,15,14
1610612750,Minnesota Timberwolves,82,50,32,0.61,3961.0,105.8,107.5,102.2,104.1,3.6,3.4,0.628,1.82,18.4,0.343,0.703,0.524,0.145,0.49,0.532,93.3,91.72,76.43,7578,0.529,1,6,6,6,15,4,17,6,7,2,1,5,3,1,7,9,9,13,6
1610612751,New Jersey Nets,82,52,30,0.634,3966.0,101.1,102.4,96.6,98.1,4.5,4.3,0.654,1.67,18.2,0.322,0.683,0.503,0.154,0.476,0.515,94.5,93.2,77.67,7707,0.537,1,5,5,5,8,17,1,5,2,6,4,13,17,11,11,14,17,8,4
1610612752,New York Knicks,82,30,52,0.366,3961.0,98.6,100.4,103.0,104.6,-4.4,-4.2,0.611,1.44,16.7,0.292,0.684,0.489,0.159,0.468,0.514,92.3,90.78,75.65,7487,0.466,1,23,23,23,15,25,19,23,12,21,20,24,15,23,19,19,18,22,23
1610612753,Orlando Magic,82,44,38,0.537,3966.0,104.1,105.6,102.5,104.1,1.6,1.5,0.584,1.61,16.8,0.292,0.665,0.477,0.143,0.493,0.533,95.8,94.4,78.67,7805,0.497,1,11,11,11,8,7,15,12,21,8,18,25,27,29,4,7,8,3,17
1610612755,Philadelphia 76ers,82,43,39,0.524,3946.0,99.1,100.5,97.5,98.7,1.6,1.8,0.584,1.3,15.8,0.341,0.702,0.523,0.169,0.452,0.507,91.5,90.32,75.27,7424,0.52,1,14,14,14,27,23,3,11,22,26,26,7,4,2,26,28,23,25,9
1610612756,Phoenix Suns,82,36,46,0.439,3966.0,100.2,101.8,101.0,102.6,-0.7,-0.7,0.593,1.53,17.1,0.327,0.672,0.498,0.157,0.472,0.51,94.2,92.74,77.28,7663,0.486,1,20,20,20,8,19,12,19,20,14,13,11,23,17,15,16,20,10,20
1610612757,Portland Trail Blazers,82,49,33,0.598,3966.0,104.4,105.9,101.0,102.6,3.4,3.3,0.641,1.64,18.0,0.345,0.703,0.522,0.157,0.485,0.528,92.0,90.55,75.46,7482,0.518,1,8,8,8,8,6,13,7,6,7,5,4,2,3,13,10,11,23,10
1610612758,Sacramento Kings,82,61,21,0.744,3951.0,106.4,107.9,98.6,99.7,7.7,8.1,0.6,1.74,17.7,0.306,0.69,0.502,0.142,0.497,0.539,98.0,96.74,80.61,7951,0.552,1,1,1,1,24,3,5,1,17,4,8,17,6,13,3,5,5,1,2
1610612759,San Antonio Spurs,82,58,24,0.707,3971.0,104.0,105.4,96.5,98.5,7.5,6.9,0.564,1.39,16.0,0.301,0.685,0.501,0.157,0.492,0.539,92.6,91.06,75.88,7528,0.554,1,2,2,2,6,8,2,3,28,23,25,20,14,14,14,8,6,20,1
1610612760,Seattle SuperSonics,82,45,37,0.549,3966.0,105.8,107.3,102.5,104.1,3.4,3.3,0.615,1.71,18.3,0.32,0.656,0.49,0.151,0.505,0.54,91.7,90.35,75.3,7468,0.522,1,10,10,10,8,5,16,8,11,5,3,14,29,22,8,3,3,24,8
1610612761,Toronto Raptors,82,42,40,0.512,3951.0,99.4,101.1,100.0,101.7,-0.6,-0.6,0.609,1.52,16.9,0.343,0.671,0.503,0.158,0.463,0.501,91.6,90.02,75.02,7414,0.496,1,15,15,15,24,22,9,18,13,15,15,6,24,12,17,24,25,26,18
1610612762,Utah Jazz,82,44,38,0.537,3966.0,102.4,103.8,101.6,102.9,0.8,0.9,0.697,1.48,18.4,0.362,0.683,0.521,0.178,0.472,0.529,93.0,91.75,76.46,7582,0.53,1,11,11,11,14,11,14,14,1,19,2,2,16,4,29,17,10,12,5
1610612764,Washington Wizards,82,37,45,0.451,3946.0,101.5,102.9,103.2,104.5,-1.7,-1.6,0.584,1.61,16.6,0.328,0.685,0.504,0.144,0.464,0.508,91.1,89.93,74.94,7395,0.486,1,19,19,19,27,15,18,20,23,9,21,10,13,10,6,22,21,27,21
